{
  "n_jobs": 60,
  "n_finished": 60,
  "jct_mean_rounds": 30.8861628903283,
  "ftf_mean": 1.9075222796341604,
  "starvation_mean_rounds": 0.5202555431260003,
  "decision_latency_ms_mean": 1.5057682991027832,
  "decision_latency_rounds_mean": 0.0005019227663675944,
  "solve_wall_ms_mean": 13.286995231558423,
  "fast_path_frac": 0.11666666666666667,
  "handshake_rejects": 290,
  "preemptions": 72,
  "migrations": 51,
  "profile_stalls": 4
}