{
  "n_jobs": 60,
  "n_finished": 60,
  "jct_mean_rounds": 43.867019674513074,
  "ftf_mean": 2.5664138438183555,
  "starvation_mean_rounds": 0.7240043785836962,
  "decision_latency_ms_mean": 0.5015969276428223,
  "decision_latency_rounds_mean": 0.00016719897588094075,
  "solve_wall_ms_mean": 4.82422540772636,
  "fast_path_frac": 0.08333333333333333,
  "handshake_rejects": 933,
  "preemptions": 74,
  "migrations": 27,
  "profile_stalls": 7
}