{
  "base_ms": 27.64956779325168,
  "slope_ms_per_job": 0.06081640680164683,
  "measured_N": [
    100,
    200,
    400,
    600
  ],
  "measured_ms": [
    37.909300008323044,
    34.034799988148734,
    53.08700000750832,
    64.62850001116749
  ],
  "round_seconds_default": 300.0,
  "note": "Linear fit to min-of-reps CBC solve times, 3 GPU types. base = fixed CBC startup; slope = per-job marginal solve cost. Re-run calibrate_solver.py on target hardware before quoting."
}