{
  "n_jobs": 60,
  "n_finished": 60,
  "jct_mean_rounds": 27.15895802842246,
  "ftf_mean": 1.3794932842378138,
  "starvation_mean_rounds": 0.600250600443946,
  "decision_latency_ms_mean": 1470.7929531733196,
  "decision_latency_rounds_mean": 0.49026431772443985,
  "solve_wall_ms_mean": 6.105455485257235,
  "fast_path_frac": 0.0,
  "handshake_rejects": 5,
  "preemptions": 30,
  "migrations": 30,
  "profile_stalls": 60
}