{
  "n_jobs": 60,
  "n_finished": 60,
  "jct_mean_rounds": 34.544536390569476,
  "ftf_mean": 1.4995221604489473,
  "starvation_mean_rounds": 1.0341160032484267,
  "decision_latency_ms_mean": 1454.8091292381287,
  "decision_latency_rounds_mean": 0.48493637641270954,
  "solve_wall_ms_mean": 6.412607225878485,
  "fast_path_frac": 0.0,
  "handshake_rejects": 29,
  "preemptions": 71,
  "migrations": 71,
  "profile_stalls": 60
}