{
  "n_jobs": 60,
  "n_finished": 60,
  "jct_mean_rounds": 34.58066181076897,
  "ftf_mean": 1.5028791522341365,
  "starvation_mean_rounds": 1.0634534610642328,
  "decision_latency_ms_mean": 1549.0846951802573,
  "decision_latency_rounds_mean": 0.5163615650600857,
  "solve_wall_ms_mean": 4.746674669199976,
  "fast_path_frac": 0.0,
  "handshake_rejects": 29,
  "preemptions": 70,
  "migrations": 70,
  "profile_stalls": 60
}