{
  "n_jobs": 60,
  "n_finished": 60,
  "jct_mean_rounds": 27.050964019033643,
  "ftf_mean": 1.3724766108287043,
  "starvation_mean_rounds": 0.5639151016871135,
  "decision_latency_ms_mean": 1362.2648636500041,
  "decision_latency_rounds_mean": 0.45408828788333466,
  "solve_wall_ms_mean": 6.08733326497704,
  "fast_path_frac": 0.0,
  "handshake_rejects": 5,
  "preemptions": 30,
  "migrations": 30,
  "profile_stalls": 60
}