{
  "n_jobs": 60,
  "n_finished": 60,
  "jct_mean_rounds": 24.97585543129179,
  "ftf_mean": 1.6999531123835372,
  "starvation_mean_rounds": 1.058237569861942,
  "decision_latency_ms_mean": 1720.1719323794048,
  "decision_latency_rounds_mean": 0.5733906441264682,
  "solve_wall_ms_mean": 5.577140105398078,
  "fast_path_frac": 0.0,
  "handshake_rejects": 25,
  "preemptions": 53,
  "migrations": 53,
  "profile_stalls": 60
}