{
  "n_jobs": 60,
  "n_finished": 60,
  "jct_mean_rounds": 43.75453508827422,
  "ftf_mean": 2.352802911317172,
  "starvation_mean_rounds": 10.54357714123196,
  "decision_latency_ms_mean": 1629.4438680013022,
  "decision_latency_rounds_mean": 0.543147956000434,
  "solve_wall_ms_mean": 7.068646312271576,
  "fast_path_frac": 0.0,
  "handshake_rejects": 384,
  "preemptions": 30,
  "migrations": 30,
  "profile_stalls": 60
}