{
  "n_jobs": 60,
  "n_finished": 60,
  "jct_mean_rounds": 34.54297787613339,
  "ftf_mean": 1.506435331883966,
  "starvation_mean_rounds": 1.0330388757917617,
  "decision_latency_ms_mean": 1458.8558634122212,
  "decision_latency_rounds_mean": 0.48628528780407376,
  "solve_wall_ms_mean": 6.467279894598599,
  "fast_path_frac": 0.0,
  "handshake_rejects": 29,
  "preemptions": 71,
  "migrations": 71,
  "profile_stalls": 60
}