{
  "n_jobs": 60,
  "n_finished": 60,
  "jct_mean_rounds": 18.808210033840602,
  "ftf_mean": 1.3130160479699013,
  "starvation_mean_rounds": 0.5020225246747335,
  "decision_latency_ms_mean": 1459.6388737360637,
  "decision_latency_rounds_mean": 0.48654629124535453,
  "solve_wall_ms_mean": 4.058423107617522,
  "fast_path_frac": 0.0,
  "handshake_rejects": 0,
  "preemptions": 18,
  "migrations": 18,
  "profile_stalls": 60
}