{
  "n_jobs": 60,
  "n_finished": 60,
  "jct_mean_rounds": 18.797311442428164,
  "ftf_mean": 1.301134972851944,
  "starvation_mean_rounds": 0.5209714863035414,
  "decision_latency_ms_mean": 1513.8481537501016,
  "decision_latency_rounds_mean": 0.504616051250034,
  "solve_wall_ms_mean": 6.195750955032976,
  "fast_path_frac": 0.0,
  "handshake_rejects": 0,
  "preemptions": 20,
  "migrations": 20,
  "profile_stalls": 60
}