{
  "n_jobs": 60,
  "n_finished": 60,
  "jct_mean_rounds": 36.75724411275652,
  "ftf_mean": 2.2745812734319237,
  "starvation_mean_rounds": 8.801624796125624,
  "decision_latency_ms_mean": 1391.8682654698691,
  "decision_latency_rounds_mean": 0.46395608848995634,
  "solve_wall_ms_mean": 6.416349297025764,
  "fast_path_frac": 0.0,
  "handshake_rejects": 247,
  "preemptions": 30,
  "migrations": 30,
  "profile_stalls": 60
}