{
  "n_jobs": 60,
  "n_finished": 60,
  "jct_mean_rounds": 34.534826632340746,
  "ftf_mean": 1.4991980893372094,
  "starvation_mean_rounds": 1.000959779156579,
  "decision_latency_ms_mean": 1513.8142744700115,
  "decision_latency_rounds_mean": 0.5046047581566705,
  "solve_wall_ms_mean": 4.846660022077889,
  "fast_path_frac": 0.0,
  "handshake_rejects": 26,
  "preemptions": 69,
  "migrations": 69,
  "profile_stalls": 60
}