{
  "n_jobs": 60,
  "n_finished": 60,
  "jct_mean_rounds": 40.36151947312885,
  "ftf_mean": 2.143762573638265,
  "starvation_mean_rounds": 6.963933971193102,
  "decision_latency_ms_mean": 1316.1694645881653,
  "decision_latency_rounds_mean": 0.43872315486272173,
  "solve_wall_ms_mean": 7.450683550401168,
  "fast_path_frac": 0.0,
  "handshake_rejects": 229,
  "preemptions": 36,
  "migrations": 36,
  "profile_stalls": 60
}