{
  "n_jobs": 60,
  "n_finished": 60,
  "jct_mean_rounds": 24.97680273718304,
  "ftf_mean": 1.7001856063523346,
  "starvation_mean_rounds": 1.0582579692204792,
  "decision_latency_ms_mean": 1721.3169177373252,
  "decision_latency_rounds_mean": 0.5737723059124417,
  "solve_wall_ms_mean": 5.5697027005647355,
  "fast_path_frac": 0.0,
  "handshake_rejects": 25,
  "preemptions": 53,
  "migrations": 53,
  "profile_stalls": 60
}