{
  "n_jobs": 60,
  "n_finished": 60,
  "jct_mean_rounds": 24.9033404774136,
  "ftf_mean": 1.695645716722525,
  "starvation_mean_rounds": 0.9554041849242316,
  "decision_latency_ms_mean": 1675.0908573468525,
  "decision_latency_rounds_mean": 0.5583636191156175,
  "solve_wall_ms_mean": 7.615882471988075,
  "fast_path_frac": 0.0,
  "handshake_rejects": 20,
  "preemptions": 52,
  "migrations": 52,
  "profile_stalls": 60
}