{
  "n_jobs": 60,
  "n_finished": 60,
  "jct_mean_rounds": 24.922056059042614,
  "ftf_mean": 1.6979797854102976,
  "starvation_mean_rounds": 0.973574607902103,
  "decision_latency_ms_mean": 1731.2082966168723,
  "decision_latency_rounds_mean": 0.577069432205624,
  "solve_wall_ms_mean": 7.745360073290374,
  "fast_path_frac": 0.0,
  "handshake_rejects": 20,
  "preemptions": 52,
  "migrations": 52,
  "profile_stalls": 60
}