{
  "n_jobs": 60,
  "n_finished": 60,
  "jct_mean_rounds": 27.065761200586955,
  "ftf_mean": 1.371695983946232,
  "starvation_mean_rounds": 0.5842213802867465,
  "decision_latency_ms_mean": 1423.1580257415771,
  "decision_latency_rounds_mean": 0.4743860085805257,
  "solve_wall_ms_mean": 6.19555844200982,
  "fast_path_frac": 0.0,
  "handshake_rejects": 5,
  "preemptions": 30,
  "migrations": 30,
  "profile_stalls": 60
}