{
  "n_jobs": 60,
  "n_finished": 60,
  "jct_mean_rounds": 24.817120378547244,
  "ftf_mean": 1.6881147198817863,
  "starvation_mean_rounds": 0.9545070780648126,
  "decision_latency_ms_mean": 1670.614242553711,
  "decision_latency_rounds_mean": 0.5568714141845703,
  "solve_wall_ms_mean": 7.247810614736457,
  "fast_path_frac": 0.0,
  "handshake_rejects": 20,
  "preemptions": 50,
  "migrations": 50,
  "profile_stalls": 60
}