{
  "n_jobs": 60,
  "n_finished": 60,
  "jct_mean_rounds": 20.93067420721054,
  "ftf_mean": 1.308736112530216,
  "starvation_mean_rounds": 0.6722348133722941,
  "decision_latency_ms_mean": 1566.9257839520772,
  "decision_latency_rounds_mean": 0.5223085946506925,
  "solve_wall_ms_mean": 6.008158559384553,
  "fast_path_frac": 0.0,
  "handshake_rejects": 7,
  "preemptions": 46,
  "migrations": 46,
  "profile_stalls": 60
}