{
  "n_jobs": 60,
  "n_finished": 60,
  "jct_mean_rounds": 36.779965127838985,
  "ftf_mean": 2.2834219909295306,
  "starvation_mean_rounds": 8.7972539001041,
  "decision_latency_ms_mean": 1456.2016169230144,
  "decision_latency_rounds_mean": 0.4854005389743381,
  "solve_wall_ms_mean": 4.962775811731103,
  "fast_path_frac": 0.0,
  "handshake_rejects": 248,
  "preemptions": 26,
  "migrations": 26,
  "profile_stalls": 60
}