{
  "n_jobs": 60,
  "n_finished": 60,
  "jct_mean_rounds": 34.78865247964859,
  "ftf_mean": 1.5130324134354218,
  "starvation_mean_rounds": 1.307653303941091,
  "decision_latency_ms_mean": 1598.0161666870117,
  "decision_latency_rounds_mean": 0.5326720555623372,
  "solve_wall_ms_mean": 5.090799754796988,
  "fast_path_frac": 0.0,
  "handshake_rejects": 42,
  "preemptions": 62,
  "migrations": 62,
  "profile_stalls": 60
}