{
  "n_jobs": 60,
  "n_finished": 60,
  "jct_mean_rounds": 27.08599430852466,
  "ftf_mean": 1.3738880252614385,
  "starvation_mean_rounds": 0.6051849365234375,
  "decision_latency_ms_mean": 1486.1656030019124,
  "decision_latency_rounds_mean": 0.4953885343339708,
  "solve_wall_ms_mean": 6.044113274776574,
  "fast_path_frac": 0.0,
  "handshake_rejects": 5,
  "preemptions": 30,
  "migrations": 30,
  "profile_stalls": 60
}