{
  "n_jobs": 60,
  "n_finished": 60,
  "jct_mean_rounds": 34.52517082028919,
  "ftf_mean": 1.4974349726009821,
  "starvation_mean_rounds": 1.0029983679453531,
  "decision_latency_ms_mean": 1416.2933548291526,
  "decision_latency_rounds_mean": 0.4720977849430508,
  "solve_wall_ms_mean": 6.699640997524919,
  "fast_path_frac": 0.0,
  "handshake_rejects": 28,
  "preemptions": 74,
  "migrations": 74,
  "profile_stalls": 60
}