{
  "n_jobs": 60,
  "n_finished": 60,
  "jct_mean_rounds": 17.524761776129406,
  "ftf_mean": 1.4020737923280813,
  "starvation_mean_rounds": 0.5404377659161885,
  "decision_latency_ms_mean": 1492.0544107755024,
  "decision_latency_rounds_mean": 0.49735147025850085,
  "solve_wall_ms_mean": 9.894671806922327,
  "fast_path_frac": 0.0,
  "handshake_rejects": 1,
  "preemptions": 41,
  "migrations": 41,
  "profile_stalls": 60
}