{
  "n_jobs": 60,
  "n_finished": 60,
  "jct_mean_rounds": 34.51497769753138,
  "ftf_mean": 1.4950738314898773,
  "starvation_mean_rounds": 1.0115125589900547,
  "decision_latency_ms_mean": 1445.2876130739846,
  "decision_latency_rounds_mean": 0.48176253769132826,
  "solve_wall_ms_mean": 6.609863248364678,
  "fast_path_frac": 0.0,
  "handshake_rejects": 28,
  "preemptions": 72,
  "migrations": 72,
  "profile_stalls": 60
}