{
  "n_jobs": 60,
  "n_finished": 60,
  "jct_mean_rounds": 24.894785928726197,
  "ftf_mean": 1.694073198678431,
  "starvation_mean_rounds": 0.945930462413364,
  "decision_latency_ms_mean": 1639.3864790598552,
  "decision_latency_rounds_mean": 0.5464621596866184,
  "solve_wall_ms_mean": 7.846528605410926,
  "fast_path_frac": 0.0,
  "handshake_rejects": 20,
  "preemptions": 52,
  "migrations": 52,
  "profile_stalls": 60
}