{
  "n_jobs": 60,
  "n_finished": 60,
  "jct_mean_rounds": 27.30038313070933,
  "ftf_mean": 1.402651232013666,
  "starvation_mean_rounds": 0.7069148302078248,
  "decision_latency_ms_mean": 2.1049976348876953,
  "decision_latency_rounds_mean": 0.0007016658782958984,
  "solve_wall_ms_mean": 3.6757558584213257,
  "fast_path_frac": 0.21666666666666667,
  "handshake_rejects": 12,
  "preemptions": 29,
  "migrations": 25,
  "profile_stalls": 6
}