{
  "n_jobs": 60,
  "n_finished": 60,
  "jct_mean_rounds": 28.371185168955062,
  "ftf_mean": 1.9766515194662986,
  "starvation_mean_rounds": 3.46772454712126,
  "decision_latency_ms_mean": 1.9927183787027998,
  "decision_latency_rounds_mean": 0.0006642394595675999,
  "solve_wall_ms_mean": 9.830362656537224,
  "fast_path_frac": 0.2,
  "handshake_rejects": 70,
  "preemptions": 47,
  "migrations": 34,
  "profile_stalls": 5
}