{
  "n_jobs": 60,
  "n_finished": 60,
  "jct_mean_rounds": 35.34096281793382,
  "ftf_mean": 1.6084632528907692,
  "starvation_mean_rounds": 1.2833874411053128,
  "decision_latency_ms_mean": 1.8454511960347493,
  "decision_latency_rounds_mean": 0.0006151503986782498,
  "solve_wall_ms_mean": 10.844149540380105,
  "fast_path_frac": 0.23333333333333334,
  "handshake_rejects": 51,
  "preemptions": 43,
  "migrations": 36,
  "profile_stalls": 7
}