{
  "n_jobs": 60,
  "n_finished": 60,
  "jct_mean_rounds": 28.237890961435106,
  "ftf_mean": 1.4992801584117064,
  "starvation_mean_rounds": 1.6495307763417562,
  "decision_latency_ms_mean": 1.916813850402832,
  "decision_latency_rounds_mean": 0.0006389379501342774,
  "solve_wall_ms_mean": 4.172423114515331,
  "fast_path_frac": 0.23333333333333334,
  "handshake_rejects": 11,
  "preemptions": 25,
  "migrations": 19,
  "profile_stalls": 6
}