{
  "n_jobs": 60,
  "n_finished": 60,
  "jct_mean_rounds": 38.68978592157364,
  "ftf_mean": 2.3495904988156378,
  "starvation_mean_rounds": 6.008391167057885,
  "decision_latency_ms_mean": 2.2267937660217285,
  "decision_latency_rounds_mean": 0.0007422645886739095,
  "solve_wall_ms_mean": 23.985315155196975,
  "fast_path_frac": 0.2,
  "handshake_rejects": 183,
  "preemptions": 32,
  "migrations": 12,
  "profile_stalls": 7
}