{
  "n_jobs": 60,
  "n_finished": 60,
  "jct_mean_rounds": 44.55151028633118,
  "ftf_mean": 2.186452339074819,
  "starvation_mean_rounds": 2.0694431728786893,
  "decision_latency_ms_mean": 1.5753904978434246,
  "decision_latency_rounds_mean": 0.0005251301659478082,
  "solve_wall_ms_mean": 13.872172854362278,
  "fast_path_frac": 0.11666666666666667,
  "handshake_rejects": 606,
  "preemptions": 46,
  "migrations": 19,
  "profile_stalls": 7
}