{
  "n_jobs": 60,
  "n_finished": 60,
  "jct_mean_rounds": 35.26230210330751,
  "ftf_mean": 1.6143119719994725,
  "starvation_mean_rounds": 1.5686550683445402,
  "decision_latency_ms_mean": 1.9191821416219075,
  "decision_latency_rounds_mean": 0.0006397273805406359,
  "solve_wall_ms_mean": 10.297122754548726,
  "fast_path_frac": 0.23333333333333334,
  "handshake_rejects": 28,
  "preemptions": 40,
  "migrations": 34,
  "profile_stalls": 7
}