{
  "n_jobs": 60,
  "n_finished": 60,
  "jct_mean_rounds": 33.606235231293574,
  "ftf_mean": 2.246389153700303,
  "starvation_mean_rounds": 6.1132880820168385,
  "decision_latency_ms_mean": 1.9766290982564292,
  "decision_latency_rounds_mean": 0.0006588763660854764,
  "solve_wall_ms_mean": 2.989714210097854,
  "fast_path_frac": 0.21666666666666667,
  "handshake_rejects": 12,
  "preemptions": 23,
  "migrations": 20,
  "profile_stalls": 6
}