{
  "n_jobs": 60,
  "n_finished": 60,
  "jct_mean_rounds": 47.383553051948546,
  "ftf_mean": 2.5801194349677594,
  "starvation_mean_rounds": 8.15761746433046,
  "decision_latency_ms_mean": 0.9098450342814127,
  "decision_latency_rounds_mean": 0.0003032816780938043,
  "solve_wall_ms_mean": 8.479651584420152,
  "fast_path_frac": 0.16666666666666666,
  "handshake_rejects": 409,
  "preemptions": 35,
  "migrations": 17,
  "profile_stalls": 7
}