{
  "n_jobs": 60,
  "n_finished": 60,
  "jct_mean_rounds": 23.0405682404836,
  "ftf_mean": 1.5270811139744478,
  "starvation_mean_rounds": 2.5794186684820386,
  "decision_latency_ms_mean": 1.9843618075052896,
  "decision_latency_rounds_mean": 0.0006614539358350966,
  "solve_wall_ms_mean": 5.685468514760335,
  "fast_path_frac": 0.11666666666666667,
  "handshake_rejects": 17,
  "preemptions": 29,
  "migrations": 25,
  "profile_stalls": 6
}