{
  "n_jobs": 60,
  "n_finished": 60,
  "jct_mean_rounds": 38.697942003938884,
  "ftf_mean": 2.0523892396994645,
  "starvation_mean_rounds": 0.4764335076014201,
  "decision_latency_ms_mean": 0.9327212969462078,
  "decision_latency_rounds_mean": 0.0003109070989820692,
  "solve_wall_ms_mean": 31.277872897960524,
  "fast_path_frac": 0.18333333333333332,
  "handshake_rejects": 547,
  "preemptions": 47,
  "migrations": 17,
  "profile_stalls": 7
}