{
  "n_jobs": 60,
  "n_finished": 60,
  "jct_mean_rounds": 34.48088241550658,
  "ftf_mean": 1.4861320356006447,
  "starvation_mean_rounds": 1.5117405268881057,
  "decision_latency_ms_mean": 1.8275817235310872,
  "decision_latency_rounds_mean": 0.0006091939078436958,
  "solve_wall_ms_mean": 8.012793280861596,
  "fast_path_frac": 0.25,
  "handshake_rejects": 30,
  "preemptions": 45,
  "migrations": 41,
  "profile_stalls": 7
}