{
  "n_jobs": 60,
  "n_finished": 60,
  "jct_mean_rounds": 29.734946583376992,
  "ftf_mean": 1.7521654014445003,
  "starvation_mean_rounds": 2.880668128861321,
  "decision_latency_ms_mean": 1.8512686093648276,
  "decision_latency_rounds_mean": 0.0006170895364549425,
  "solve_wall_ms_mean": 3.5194036288139148,
  "fast_path_frac": 0.18333333333333332,
  "handshake_rejects": 11,
  "preemptions": 26,
  "migrations": 22,
  "profile_stalls": 6
}