{
  "n_jobs": 60,
  "n_finished": 60,
  "jct_mean_rounds": 37.9048374109798,
  "ftf_mean": 1.9153999470403755,
  "starvation_mean_rounds": 2.969283514552646,
  "decision_latency_ms_mean": 1.9345760345458984,
  "decision_latency_rounds_mean": 0.0006448586781819661,
  "solve_wall_ms_mean": 12.971799373626709,
  "fast_path_frac": 0.2833333333333333,
  "handshake_rejects": 38,
  "preemptions": 49,
  "migrations": 42,
  "profile_stalls": 7
}