{
  "n_jobs": 60,
  "n_finished": 60,
  "jct_mean_rounds": 30.448174987898934,
  "ftf_mean": 2.0919992994429912,
  "starvation_mean_rounds": 3.6257122808032567,
  "decision_latency_ms_mean": 1.8399596214294434,
  "decision_latency_rounds_mean": 0.0006133198738098144,
  "solve_wall_ms_mean": 16.882857072700578,
  "fast_path_frac": 0.21666666666666667,
  "handshake_rejects": 213,
  "preemptions": 49,
  "migrations": 35,
  "profile_stalls": 5
}