{
  "n_jobs": 60,
  "n_finished": 60,
  "jct_mean_rounds": 22.02415931754642,
  "ftf_mean": 1.4735217066702038,
  "starvation_mean_rounds": 1.6780160360866123,
  "decision_latency_ms_mean": 2.353111902872721,
  "decision_latency_rounds_mean": 0.0007843706342909071,
  "solve_wall_ms_mean": 10.563157586490407,
  "fast_path_frac": 0.2,
  "handshake_rejects": 14,
  "preemptions": 34,
  "migrations": 27,
  "profile_stalls": 6
}