{
  "n_jobs": 60,
  "n_finished": 60,
  "jct_mean_rounds": 33.189810348881615,
  "ftf_mean": 2.1355010784079376,
  "starvation_mean_rounds": 5.913017854425642,
  "decision_latency_ms_mean": 0.9582797686258951,
  "decision_latency_rounds_mean": 0.00031942658954196504,
  "solve_wall_ms_mean": 4.873768849806352,
  "fast_path_frac": 0.2,
  "handshake_rejects": 15,
  "preemptions": 36,
  "migrations": 35,
  "profile_stalls": 6
}