{
  "n_jobs": 60,
  "n_finished": 60,
  "jct_mean_rounds": 35.26571213536792,
  "ftf_mean": 1.6159827711738073,
  "starvation_mean_rounds": 1.58347364531623,
  "decision_latency_ms_mean": 2.307756741841634,
  "decision_latency_rounds_mean": 0.0007692522472805447,
  "solve_wall_ms_mean": 26.960933601463232,
  "fast_path_frac": 0.23333333333333334,
  "handshake_rejects": 23,
  "preemptions": 36,
  "migrations": 31,
  "profile_stalls": 7
}