{
  "n_jobs": 60,
  "n_finished": 60,
  "jct_mean_rounds": 28.70230118168725,
  "ftf_mean": 2.026304863875286,
  "starvation_mean_rounds": 3.02290825843811,
  "decision_latency_ms_mean": 0.9266813596089681,
  "decision_latency_rounds_mean": 0.0003088937865363227,
  "solve_wall_ms_mean": 13.989301071953527,
  "fast_path_frac": 0.16666666666666666,
  "handshake_rejects": 138,
  "preemptions": 42,
  "migrations": 31,
  "profile_stalls": 6
}