{
  "n_jobs": 60,
  "n_finished": 60,
  "jct_mean_rounds": 27.78061585823695,
  "ftf_mean": 1.986664020823911,
  "starvation_mean_rounds": 3.0186410572793747,
  "decision_latency_ms_mean": 2.041478951772054,
  "decision_latency_rounds_mean": 0.000680492983924018,
  "solve_wall_ms_mean": 8.728182315826416,
  "fast_path_frac": 0.18333333333333332,
  "handshake_rejects": 93,
  "preemptions": 45,
  "migrations": 41,
  "profile_stalls": 5
}