{
  "n_jobs": 60,
  "n_finished": 60,
  "jct_mean_rounds": 22.113182581795588,
  "ftf_mean": 1.8695801673490433,
  "starvation_mean_rounds": 3.5962593608432347,
  "decision_latency_ms_mean": 1.9019881884256997,
  "decision_latency_rounds_mean": 0.0006339960628085666,
  "solve_wall_ms_mean": 3.186215372646556,
  "fast_path_frac": 0.21666666666666667,
  "handshake_rejects": 7,
  "preemptions": 18,
  "migrations": 15,
  "profile_stalls": 6
}