{
  "n_jobs": 60,
  "n_finished": 60,
  "jct_mean_rounds": 40.20896958510081,
  "ftf_mean": 2.231469086847563,
  "starvation_mean_rounds": 0.757474610540602,
  "decision_latency_ms_mean": 1.7286221186319988,
  "decision_latency_rounds_mean": 0.0005762073728773329,
  "solve_wall_ms_mean": 29.454957658999437,
  "fast_path_frac": 0.2,
  "handshake_rejects": 542,
  "preemptions": 49,
  "migrations": 16,
  "profile_stalls": 7
}