{
  "n_jobs": 60,
  "n_finished": 60,
  "jct_mean_rounds": 48.22195931805505,
  "ftf_mean": 2.386786690500384,
  "starvation_mean_rounds": 6.1762179970741276,
  "decision_latency_ms_mean": 1.8849651018778484,
  "decision_latency_rounds_mean": 0.0006283217006259494,
  "solve_wall_ms_mean": 5.149092337097785,
  "fast_path_frac": 0.13333333333333333,
  "handshake_rejects": 423,
  "preemptions": 41,
  "migrations": 15,
  "profile_stalls": 6
}