{
  "n_jobs": 60,
  "n_finished": 60,
  "jct_mean_rounds": 47.814450007014806,
  "ftf_mean": 2.3758331618047697,
  "starvation_mean_rounds": 6.14225584798389,
  "decision_latency_ms_mean": 1.0015805562337239,
  "decision_latency_rounds_mean": 0.0003338601854112413,
  "solve_wall_ms_mean": 5.4760026931762695,
  "fast_path_frac": 0.13333333333333333,
  "handshake_rejects": 423,
  "preemptions": 42,
  "migrations": 16,
  "profile_stalls": 6
}