{
  "base_ms": 69.45755423848979,
  "slope_ms_per_job": 0.128137525422617,
  "measured_N": [
    100,
    200,
    400,
    600
  ],
  "measured_ms": [
    95.30430000086199,
    78.96320000145352,
    120.37380000037956,
    149.76770000066608
  ],
  "round_seconds_default": 300.0,
  "note": "Linear fit to min-of-reps CBC solve times, 3 GPU types. base = fixed CBC startup; slope = per-job marginal solve cost. Re-run calibrate_solver.py on target hardware before quoting."
}