{
  "base_ms": 30.82867624372308,
  "slope_ms_per_job": 0.07085445767142258,
  "measured_N": [
    100,
    200,
    400,
    600
  ],
  "measured_ms": [
    43.09799999464303,
    38.325199973769486,
    59.559499961324036,
    74.44280001800507
  ],
  "round_seconds_default": 300.0,
  "note": "Linear fit to min-of-reps CBC solve times, 3 GPU types. base = fixed CBC startup; slope = per-job marginal solve cost. Re-run calibrate_solver.py on target hardware before quoting."
}